stim_ending_t,visbility,soundvolume,Opening_text,Source.Name,m,sd,coefVar
1,0,0,Now focus on the Image,001_visual_demo1.csv,2.83828173,1.636931518,0.576733275
1,0,0,Now focus on the Image,002_visual_demo1.csv,1.502489694,0.522364645,0.347666042
1,0,0,Now focus on the Image,003_visual_demo1.csv,1.411461625,0.654978961,0.464043053
1,0,0,Now focus on the Image,003demo_visual_demo1.csv,1.000721576,0.275592689,0.275393971
1,0,0,Now focus on the Image,004_visual_demo1.csv,1.032276763,0.321142628,0.311101285
1,0,0,Now focus on the Image,005_visual_demo1.csv,1.300203449,0.984122314,0.756898711
1,0,0,Now focus on the Image,006_visual_demo1.csv,1.281918187,0.994935711,0.776130429
1,0,0,Now focus on the Image,007_visual_demo1.csv,1.785032949,0.63307809,0.35465905
1,0,0,Now focus on the Image,008_visual_demo1.csv,2.708707309,1.657767827,0.612014381
1,0,0,Now focus on the Image,009_visual_demo1.csv,1.444014366,0.775462258,0.537018382
1,0,0,Now focus on the Image,010_visual_demo1.csv,1.581665096,0.397835734,0.251529692
1,0,0,Now focus on the Image,011_visual_demo1.csv,1.864953715,0.382411952,0.205051712
1,0,0,Now focus on the Image,012_visual_demo1.csv,1.663781899,0.891664263,0.535926171
1,0,0,Now focus on the Image,013_visual_demo1.csv,2.359504713,0.851113525,0.360717027
1,0,0,Now focus on the Image,014_visual_demo1.csv,1.217241764,0.614240031,0.504616297
1,0,0,Now focus on the Image,015_visual_demo1.csv,0.906794079,0.183422285,0.202275566
1,0,0,Now focus on the Image,016_visual_demo1.csv,1.11927078,0.668625149,0.597375685
1,0,0,Now focus on the Image,017_visual_demo1.csv,1.627915373,0.38651655,0.237430371
1,0,0,Now focus on the Image,019_visual_demo1.csv,1.549044636,0.512708896,0.330983939
1,0,0,Now focus on the Image,020_visual_demo1.csv,1.932317171,0.747808866,0.387001098
1,0,0,Now focus on the Image,021_visual_demo1.csv,1.28585682,0.674694879,0.524704515
1,0,0,Now focus on the Sound,001_visual_demo1.csv,1.914644334,0.748558819,0.390964946
1,0,0,Now focus on the Sound,002_visual_demo1.csv,1.458267765,0.315749078,0.216523389
1,0,0,Now focus on the Sound,003_visual_demo1.csv,1.313872143,0.323129091,0.245936481
1,0,0,Now focus on the Sound,003demo_visual_demo1.csv,1.221405015,0.274500053,0.22474122
1,0,0,Now focus on the Sound,004_visual_demo1.csv,1.226164173,0.333046433,0.27161651
1,0,0,Now focus on the Sound,005_visual_demo1.csv,1.25848394,0.45443656,0.361098418
1,0,0,Now focus on the Sound,006_visual_demo1.csv,1.616063857,0.850341649,0.526180723
1,0,0,Now focus on the Sound,007_visual_demo1.csv,1.75662793,0.611735765,0.348244358
1,0,0,Now focus on the Sound,008_visual_demo1.csv,2.177828128,1.75142694,0.804208063
1,0,0,Now focus on the Sound,009_visual_demo1.csv,1.447883954,0.257401166,0.177777484
1,0,0,Now focus on the Sound,010_visual_demo1.csv,1.818312932,0.355767999,0.19565829
1,0,0,Now focus on the Sound,011_visual_demo1.csv,1.490588443,0.427757825,0.286972455
1,0,0,Now focus on the Sound,012_visual_demo1.csv,1.006065721,0.48763061,0.484690611
1,0,0,Now focus on the Sound,013_visual_demo1.csv,2.502684779,1.145326543,0.457639153
1,0,0,Now focus on the Sound,014_visual_demo1.csv,2.115051694,0.638607571,0.301934734
1,0,0,Now focus on the Sound,015_visual_demo1.csv,1.50668327,0.375331739,0.249111241
1,0,0,Now focus on the Sound,016_visual_demo1.csv,1.917345288,0.508655961,0.265291789
1,0,0,Now focus on the Sound,017_visual_demo1.csv,1.563806563,0.470473641,0.300851558
1,0,0,Now focus on the Sound,019_visual_demo1.csv,1.690446746,0.439770503,0.260150462
1,0,0,Now focus on the Sound,020_visual_demo1.csv,2.156316036,0.777480995,0.360559854
1,0,0,Now focus on the Sound,021_visual_demo1.csv,2.35584314,1.130696681,0.479954145
1,0,1,Now focus on the Image,001_visual_demo1.csv,2.224526712,1.151790061,0.517768591
1,0,1,Now focus on the Image,002_visual_demo1.csv,1.54004709,0.521790143,0.338814408
1,0,1,Now focus on the Image,003_visual_demo1.csv,1.58831967,0.410665438,0.258553392
1,0,1,Now focus on the Image,003demo_visual_demo1.csv,1.202700162,0.296351587,0.246405211
1,0,1,Now focus on the Image,004_visual_demo1.csv,0.86311083,0.335761584,0.38901329
1,0,1,Now focus on the Image,005_visual_demo1.csv,0.996264703,0.610755561,0.613045468
1,0,1,Now focus on the Image,006_visual_demo1.csv,0.980404542,0.226628287,0.231157933
1,0,1,Now focus on the Image,007_visual_demo1.csv,1.326187337,0.529970039,0.399619287
1,0,1,Now focus on the Image,008_visual_demo1.csv,3.006227974,2.2733495,0.756213274
1,0,1,Now focus on the Image,009_visual_demo1.csv,1.593943272,0.704429309,0.441941267
1,0,1,Now focus on the Image,010_visual_demo1.csv,1.347836051,0.544232483,0.403782406
1,0,1,Now focus on the Image,011_visual_demo1.csv,1.672660879,0.37888026,0.226513494
1,0,1,Now focus on the Image,012_visual_demo1.csv,1.168482989,0.793911926,0.679438155
1,0,1,Now focus on the Image,013_visual_demo1.csv,2.386746955,0.617951895,0.258909682
1,0,1,Now focus on the Image,014_visual_demo1.csv,1.300830701,0.86408352,0.664255171
1,0,1,Now focus on the Image,015_visual_demo1.csv,1.07240151,0.448928496,0.418619791
1,0,1,Now focus on the Image,016_visual_demo1.csv,1.591041518,0.510308216,0.320738466
1,0,1,Now focus on the Image,017_visual_demo1.csv,1.968253327,0.78254021,0.397581043
1,0,1,Now focus on the Image,019_visual_demo1.csv,1.130491198,0.429664861,0.380069179
1,0,1,Now focus on the Image,020_visual_demo1.csv,1.480110105,0.419668958,0.283539013
1,0,1,Now focus on the Image,021_visual_demo1.csv,1.55809664,1.233361895,0.791582411
1,0,1,Now focus on the Sound,001_visual_demo1.csv,1.775455943,1.191213445,0.670933824
1,0,1,Now focus on the Sound,002_visual_demo1.csv,1.245074793,0.278921392,0.224019789
1,0,1,Now focus on the Sound,003_visual_demo1.csv,1.99735051,0.419179466,0.209867754
1,0,1,Now focus on the Sound,003demo_visual_demo1.csv,1.400074122,0.177885568,0.127054393
1,0,1,Now focus on the Sound,004_visual_demo1.csv,1.049812073,0.2681875,0.255462389
1,0,1,Now focus on the Sound,005_visual_demo1.csv,1.502232775,0.501048639,0.333535952
1,0,1,Now focus on the Sound,006_visual_demo1.csv,1.647596859,0.619528003,0.37601917
1,0,1,Now focus on the Sound,007_visual_demo1.csv,1.606603564,0.573009886,0.356659165
1,0,1,Now focus on the Sound,008_visual_demo1.csv,3.48024443,1.35300376,0.388766877
1,0,1,Now focus on the Sound,009_visual_demo1.csv,1.55977472,0.121378827,0.077818178
1,0,1,Now focus on the Sound,010_visual_demo1.csv,1.258075389,0.315330187,0.250644906
1,0,1,Now focus on the Sound,011_visual_demo1.csv,1.372577859,0.312223136,0.227472077
1,0,1,Now focus on the Sound,012_visual_demo1.csv,1.523823495,0.800411211,0.525265041
1,0,1,Now focus on the Sound,013_visual_demo1.csv,2.417303106,0.297666786,0.123140034
1,0,1,Now focus on the Sound,014_visual_demo1.csv,2.539001047,1.066679599,0.420117826
1,0,1,Now focus on the Sound,015_visual_demo1.csv,1.399571713,0.510302416,0.364613268
1,0,1,Now focus on the Sound,016_visual_demo1.csv,2.167443891,0.551078438,0.254252689
1,0,1,Now focus on the Sound,017_visual_demo1.csv,1.253026351,0.443842129,0.354216117
1,0,1,Now focus on the Sound,019_visual_demo1.csv,1.258827566,0.46734857,0.37125702
1,0,1,Now focus on the Sound,020_visual_demo1.csv,1.539057051,0.436040484,0.283316648
1,0,1,Now focus on the Sound,021_visual_demo1.csv,1.60517885,0.938387937,0.584600237
1,1,0,Now focus on the Image,001_visual_demo1.csv,2.53844575,1.797421352,0.708079482
1,1,0,Now focus on the Image,002_visual_demo1.csv,1.362191958,0.479436256,0.351959394
1,1,0,Now focus on the Image,003_visual_demo1.csv,1.493083779,0.474527821,0.317817277
1,1,0,Now focus on the Image,003demo_visual_demo1.csv,0.994377283,0.267188893,0.268699715
1,1,0,Now focus on the Image,004_visual_demo1.csv,0.858195772,0.356420751,0.415314038
1,1,0,Now focus on the Image,005_visual_demo1.csv,1.102529255,0.537681856,0.487680352
1,1,0,Now focus on the Image,006_visual_demo1.csv,0.787855053,0.177509702,0.225307564
1,1,0,Now focus on the Image,007_visual_demo1.csv,1.512956244,0.350171122,0.231448281
1,1,0,Now focus on the Image,008_visual_demo1.csv,1.475777922,0.703817481,0.476912868
1,1,0,Now focus on the Image,009_visual_demo1.csv,1.304281336,0.408256637,0.313012711
1,1,0,Now focus on the Image,010_visual_demo1.csv,1.241399959,0.340499288,0.274286531
1,1,0,Now focus on the Image,011_visual_demo1.csv,1.681281882,0.396913972,0.236078183
1,1,0,Now focus on the Image,012_visual_demo1.csv,1.708786633,0.913134357,0.534375878
1,1,0,Now focus on the Image,013_visual_demo1.csv,2.337170921,0.348154843,0.14896422
1,1,0,Now focus on the Image,014_visual_demo1.csv,1.762730844,0.72929632,0.413730958
1,1,0,Now focus on the Image,015_visual_demo1.csv,0.898607654,0.337241193,0.375293034
1,1,0,Now focus on the Image,016_visual_demo1.csv,1.139068198,0.372456838,0.326983791
1,1,0,Now focus on the Image,017_visual_demo1.csv,2.029726962,0.484281712,0.238594511
1,1,0,Now focus on the Image,019_visual_demo1.csv,1.497761443,0.389209128,0.259860561
1,1,0,Now focus on the Image,020_visual_demo1.csv,1.749934882,0.579499805,0.331155068
1,1,0,Now focus on the Image,021_visual_demo1.csv,1.41799978,0.906935738,0.639588067
1,1,0,Now focus on the Sound,001_visual_demo1.csv,2.071383921,1.249399061,0.603171169
1,1,0,Now focus on the Sound,002_visual_demo1.csv,1.462806134,0.233606043,0.159697199
1,1,0,Now focus on the Sound,003_visual_demo1.csv,1.528459554,0.481236201,0.314850465
1,1,0,Now focus on the Sound,003demo_visual_demo1.csv,1.168594517,0.305094088,0.261077802
1,1,0,Now focus on the Sound,004_visual_demo1.csv,1.050714326,0.274226315,0.260990365
1,1,0,Now focus on the Sound,005_visual_demo1.csv,1.414060657,0.246754733,0.174500812
1,1,0,Now focus on the Sound,006_visual_demo1.csv,1.402947711,0.44741576,0.318911215
1,1,0,Now focus on the Sound,007_visual_demo1.csv,1.496491878,0.345745158,0.231037109
1,1,0,Now focus on the Sound,008_visual_demo1.csv,2.459915979,0.99021866,0.402541659
1,1,0,Now focus on the Sound,009_visual_demo1.csv,1.408717491,0.275267845,0.195403157
1,1,0,Now focus on the Sound,010_visual_demo1.csv,1.517143707,0.338606755,0.223187002
1,1,0,Now focus on the Sound,011_visual_demo1.csv,1.453401631,0.435265361,0.29948044
1,1,0,Now focus on the Sound,012_visual_demo1.csv,0.891491939,0.302451147,0.339264029
1,1,0,Now focus on the Sound,013_visual_demo1.csv,2.074034686,0.435976073,0.210206741
1,1,0,Now focus on the Sound,014_visual_demo1.csv,2.084801351,0.947625115,0.454539764
1,1,0,Now focus on the Sound,015_visual_demo1.csv,1.346549269,0.370673224,0.275276392
1,1,0,Now focus on the Sound,016_visual_demo1.csv,1.654372594,0.518871234,0.31363626
1,1,0,Now focus on the Sound,017_visual_demo1.csv,1.322721593,0.324177909,0.245084007
1,1,0,Now focus on the Sound,019_visual_demo1.csv,1.784691132,1.105852772,0.619632581
1,1,0,Now focus on the Sound,020_visual_demo1.csv,2.083806294,0.75985066,0.364645535
1,1,0,Now focus on the Sound,021_visual_demo1.csv,1.95215737,0.710708146,0.364062937
1.5,0,0,Now focus on the Image,001_visual_demo1.csv,2.487369139,1.131956324,0.455081759
1.5,0,0,Now focus on the Image,002_visual_demo1.csv,1.915613384,0.341054375,0.178039252
1.5,0,0,Now focus on the Image,003_visual_demo1.csv,1.956720949,0.621791237,0.317772055
1.5,0,0,Now focus on the Image,003demo_visual_demo1.csv,1.30015887,0.381584859,0.293490948
1.5,0,0,Now focus on the Image,004_visual_demo1.csv,1.38457949,0.271081827,0.195786395
1.5,0,0,Now focus on the Image,005_visual_demo1.csv,1.510855624,0.787672559,0.521342044
1.5,0,0,Now focus on the Image,006_visual_demo1.csv,1.328341272,0.473959762,0.356805719
1.5,0,0,Now focus on the Image,007_visual_demo1.csv,2.090884616,0.64935036,0.310562503
1.5,0,0,Now focus on the Image,008_visual_demo1.csv,2.255548369,0.725434031,0.321622024
1.5,0,0,Now focus on the Image,009_visual_demo1.csv,1.775119736,0.232500494,0.130977358
1.5,0,0,Now focus on the Image,010_visual_demo1.csv,2.04152273,0.581310235,0.284743455
1.5,0,0,Now focus on the Image,011_visual_demo1.csv,2.135761068,0.504578632,0.236252378
1.5,0,0,Now focus on the Image,012_visual_demo1.csv,1.234781122,0.604149053,0.489276231
1.5,0,0,Now focus on the Image,013_visual_demo1.csv,2.370532505,0.703264238,0.296669308
1.5,0,0,Now focus on the Image,014_visual_demo1.csv,1.983301175,0.558247502,0.281473893
1.5,0,0,Now focus on the Image,015_visual_demo1.csv,1.370176593,0.278788386,0.203468945
1.5,0,0,Now focus on the Image,016_visual_demo1.csv,1.416106919,0.141416339,0.099862755
1.5,0,0,Now focus on the Image,017_visual_demo1.csv,2.243259235,0.654839457,0.291914303
1.5,0,0,Now focus on the Image,019_visual_demo1.csv,1.809815564,0.504362043,0.27868146
1.5,0,0,Now focus on the Image,020_visual_demo1.csv,2.385807362,0.860121236,0.360515794
1.5,0,0,Now focus on the Image,021_visual_demo1.csv,1.61564012,0.615496698,0.380961509
1.5,0,0,Now focus on the Sound,001_visual_demo1.csv,2.730799471,1.040694925,0.38109533
1.5,0,0,Now focus on the Sound,002_visual_demo1.csv,1.918600203,0.377491815,0.196753766
1.5,0,0,Now focus on the Sound,003_visual_demo1.csv,2.178132028,0.686916058,0.315369339
1.5,0,0,Now focus on the Sound,003demo_visual_demo1.csv,1.620177768,0.401880007,0.248046859
1.5,0,0,Now focus on the Sound,004_visual_demo1.csv,1.508089337,0.221025714,0.146560094
1.5,0,0,Now focus on the Sound,005_visual_demo1.csv,1.722886032,0.436170397,0.253162652
1.5,0,0,Now focus on the Sound,006_visual_demo1.csv,1.638913402,0.325814417,0.198799044
1.5,0,0,Now focus on the Sound,007_visual_demo1.csv,1.953434528,0.568122972,0.290832871
1.5,0,0,Now focus on the Sound,008_visual_demo1.csv,2.693135504,0.974019281,0.361667387
1.5,0,0,Now focus on the Sound,009_visual_demo1.csv,1.987868366,0.247819297,0.124665849
1.5,0,0,Now focus on the Sound,010_visual_demo1.csv,1.997872687,0.25503483,0.127653194
1.5,0,0,Now focus on the Sound,011_visual_demo1.csv,1.805504713,0.391240843,0.216693338
1.5,0,0,Now focus on the Sound,012_visual_demo1.csv,1.751481694,0.481064782,0.27466161
1.5,0,0,Now focus on the Sound,013_visual_demo1.csv,2.464870083,0.54016755,0.219146459
1.5,0,0,Now focus on the Sound,014_visual_demo1.csv,2.557003565,0.902392064,0.352909975
1.5,0,0,Now focus on the Sound,015_visual_demo1.csv,1.859364507,0.275866026,0.148365759
1.5,0,0,Now focus on the Sound,016_visual_demo1.csv,2.095284947,0.735780556,0.35116014
1.5,0,0,Now focus on the Sound,017_visual_demo1.csv,1.779191049,0.363186311,0.204130024
1.5,0,0,Now focus on the Sound,019_visual_demo1.csv,2.116159964,0.752620331,0.355653799
1.5,0,0,Now focus on the Sound,020_visual_demo1.csv,2.625703742,0.424771646,0.161774399
1.5,0,0,Now focus on the Sound,021_visual_demo1.csv,1.92456284,0.807379707,0.4195133
1.5,0,1,Now focus on the Image,001_visual_demo1.csv,2.765534613,1.516545203,0.54837325
1.5,0,1,Now focus on the Image,002_visual_demo1.csv,1.937810895,0.422661019,0.218112624
1.5,0,1,Now focus on the Image,003_visual_demo1.csv,1.799597216,0.448856083,0.249420303
1.5,0,1,Now focus on the Image,003demo_visual_demo1.csv,1.501994704,0.453843806,0.302160723
1.5,0,1,Now focus on the Image,004_visual_demo1.csv,1.218085522,0.377121984,0.309602222
1.5,0,1,Now focus on the Image,005_visual_demo1.csv,1.43204131,0.659368887,0.460439851
1.5,0,1,Now focus on the Image,006_visual_demo1.csv,1.625030369,0.673294897,0.414327578
1.5,0,1,Now focus on the Image,007_visual_demo1.csv,2.060229655,0.525636805,0.255135054
1.5,0,1,Now focus on the Image,008_visual_demo1.csv,2.617416339,1.884461489,0.719970095
1.5,0,1,Now focus on the Image,009_visual_demo1.csv,1.884530206,0.337779814,0.179238206
1.5,0,1,Now focus on the Image,010_visual_demo1.csv,2.051682944,0.619190507,0.30179639
1.5,0,1,Now focus on the Image,011_visual_demo1.csv,2.191718669,0.622940947,0.284224867
1.5,0,1,Now focus on the Image,012_visual_demo1.csv,1.329743969,0.594302528,0.446930042
1.5,0,1,Now focus on the Image,013_visual_demo1.csv,2.119007559,0.514088627,0.242608208
1.5,0,1,Now focus on the Image,014_visual_demo1.csv,1.896900373,1.189953845,0.627314888
1.5,0,1,Now focus on the Image,015_visual_demo1.csv,1.400977006,0.457097305,0.326270384
1.5,0,1,Now focus on the Image,016_visual_demo1.csv,1.88476622,0.560335335,0.297296996
1.5,0,1,Now focus on the Image,017_visual_demo1.csv,2.284017805,0.635773139,0.278357348
1.5,0,1,Now focus on the Image,019_visual_demo1.csv,1.467796887,0.347174479,0.236527603
1.5,0,1,Now focus on the Image,020_visual_demo1.csv,1.857635207,0.429778841,0.23135804
1.5,0,1,Now focus on the Image,021_visual_demo1.csv,1.99193701,0.986118296,0.49505496
1.5,0,1,Now focus on the Sound,001_visual_demo1.csv,2.617610022,1.317377743,0.503275023
1.5,0,1,Now focus on the Sound,002_visual_demo1.csv,1.725457931,0.262763644,0.152286323
1.5,0,1,Now focus on the Sound,003_visual_demo1.csv,2.058615095,0.330817391,0.160699002
1.5,0,1,Now focus on the Sound,003demo_visual_demo1.csv,1.764867613,0.360729348,0.204394565
1.5,0,1,Now focus on the Sound,004_visual_demo1.csv,1.666300248,0.31005795,0.186075679
1.5,0,1,Now focus on the Sound,005_visual_demo1.csv,1.886729176,0.52800675,0.279852963
1.5,0,1,Now focus on the Sound,006_visual_demo1.csv,1.956763045,0.941148637,0.480972205
1.5,0,1,Now focus on the Sound,007_visual_demo1.csv,2.142393048,1.338329218,0.624688929
1.5,0,1,Now focus on the Sound,008_visual_demo1.csv,3.112667366,1.108052951,0.355981806
1.5,0,1,Now focus on the Sound,009_visual_demo1.csv,2.096930567,0.305635387,0.145753699
1.5,0,1,Now focus on the Sound,010_visual_demo1.csv,1.816779043,0.445941755,0.245457342
1.5,0,1,Now focus on the Sound,011_visual_demo1.csv,1.65527767,0.190123708,0.114859103
1.5,0,1,Now focus on the Sound,012_visual_demo1.csv,1.374809959,0.580003999,0.421879399
1.5,0,1,Now focus on the Sound,013_visual_demo1.csv,2.684740373,0.548685956,0.204372073
1.5,0,1,Now focus on the Sound,014_visual_demo1.csv,2.440720751,0.680757989,0.278916787
1.5,0,1,Now focus on the Sound,015_visual_demo1.csv,1.714719262,0.401078333,0.233903206
1.5,0,1,Now focus on the Sound,016_visual_demo1.csv,2.676714061,1.316750491,0.491927961
1.5,0,1,Now focus on the Sound,017_visual_demo1.csv,1.90910341,0.647645551,0.339240686
1.5,0,1,Now focus on the Sound,019_visual_demo1.csv,2.26693147,1.052053967,0.464087239
1.5,0,1,Now focus on the Sound,020_visual_demo1.csv,2.371497353,1.6571422,0.698774636
1.5,0,1,Now focus on the Sound,021_visual_demo1.csv,1.97578948,0.912987207,0.46208729
1.5,1,0,Now focus on the Image,001_visual_demo1.csv,2.359403175,0.732036951,0.310263612
1.5,1,0,Now focus on the Image,002_visual_demo1.csv,1.597044247,0.308782218,0.193346064
1.5,1,0,Now focus on the Image,003_visual_demo1.csv,1.852758587,0.353450887,0.190770071
1.5,1,0,Now focus on the Image,003demo_visual_demo1.csv,1.235187899,0.47894885,0.387753839
1.5,1,0,Now focus on the Image,004_visual_demo1.csv,1.301935295,0.346895354,0.266445925
1.5,1,0,Now focus on the Image,005_visual_demo1.csv,1.382947919,0.443453374,0.320658044
1.5,1,0,Now focus on the Image,006_visual_demo1.csv,1.325306438,0.437284336,0.329949606
1.5,1,0,Now focus on the Image,007_visual_demo1.csv,2.384827774,0.809347734,0.339373662
1.5,1,0,Now focus on the Image,008_visual_demo1.csv,1.936547599,1.172841099,0.605635048
1.5,1,0,Now focus on the Image,009_visual_demo1.csv,1.972402997,0.253938971,0.128745987
1.5,1,0,Now focus on the Image,010_visual_demo1.csv,1.703021439,0.3183535,0.186934523
1.5,1,0,Now focus on the Image,011_visual_demo1.csv,2.121111311,0.530021111,0.249878971
1.5,1,0,Now focus on the Image,012_visual_demo1.csv,1.292081179,0.33050709,0.255794369
1.5,1,0,Now focus on the Image,013_visual_demo1.csv,2.271670541,0.510516677,0.22473183
1.5,1,0,Now focus on the Image,014_visual_demo1.csv,1.786715811,0.57514782,0.321902239
1.5,1,0,Now focus on the Image,015_visual_demo1.csv,1.283783627,0.299667811,0.233425481
1.5,1,0,Now focus on the Image,016_visual_demo1.csv,1.286177451,0.269608311,0.20961984
1.5,1,0,Now focus on the Image,017_visual_demo1.csv,2.407648417,0.718319958,0.298349191
1.5,1,0,Now focus on the Image,019_visual_demo1.csv,1.557335663,0.555711616,0.356834836
1.5,1,0,Now focus on the Image,020_visual_demo1.csv,2.429758682,0.842539665,0.346758578
1.5,1,0,Now focus on the Image,021_visual_demo1.csv,1.14051155,0.297099846,0.260497008
1.5,1,0,Now focus on the Sound,001_visual_demo1.csv,2.59486823,0.658225536,0.25366434
1.5,1,0,Now focus on the Sound,002_visual_demo1.csv,1.902270852,0.344546589,0.181123834
1.5,1,0,Now focus on the Sound,003_visual_demo1.csv,2.32020418,0.549286221,0.236740467
1.5,1,0,Now focus on the Sound,003demo_visual_demo1.csv,1.580477983,0.379985309,0.240424298
1.5,1,0,Now focus on the Sound,004_visual_demo1.csv,1.414351449,0.234083386,0.165505813
1.5,1,0,Now focus on the Sound,005_visual_demo1.csv,1.542032621,0.390041809,0.25294005
1.5,1,0,Now focus on the Sound,006_visual_demo1.csv,1.888645961,0.56262169,0.297896854
1.5,1,0,Now focus on the Sound,007_visual_demo1.csv,1.852405373,0.549057794,0.296402614
1.5,1,0,Now focus on the Sound,008_visual_demo1.csv,2.722250638,1.260814364,0.463151462
1.5,1,0,Now focus on the Sound,009_visual_demo1.csv,1.907120482,0.273811338,0.143573172
1.5,1,0,Now focus on the Sound,010_visual_demo1.csv,1.841236169,0.307898574,0.167223835
1.5,1,0,Now focus on the Sound,011_visual_demo1.csv,1.762805774,0.290674999,0.164893378
1.5,1,0,Now focus on the Sound,012_visual_demo1.csv,1.74250134,0.678388176,0.389318597
1.5,1,0,Now focus on the Sound,013_visual_demo1.csv,2.476379696,0.625774462,0.252697299
1.5,1,0,Now focus on the Sound,014_visual_demo1.csv,2.302317345,0.433459341,0.188270893
1.5,1,0,Now focus on the Sound,015_visual_demo1.csv,1.971257671,0.405904842,0.205911611
1.5,1,0,Now focus on the Sound,016_visual_demo1.csv,1.735806916,0.489874175,0.282216974
1.5,1,0,Now focus on the Sound,017_visual_demo1.csv,1.763139722,0.326968399,0.185446675
1.5,1,0,Now focus on the Sound,019_visual_demo1.csv,1.752961254,0.318288544,0.181571922
1.5,1,0,Now focus on the Sound,020_visual_demo1.csv,1.999126009,0.613748501,0.307008412
1.5,1,0,Now focus on the Sound,021_visual_demo1.csv,1.66521313,0.729026887,0.437797945
2,0,0,Now focus on the Image,001_visual_demo1.csv,3.061312987,0.601896651,0.196613889
2,0,0,Now focus on the Image,002_visual_demo1.csv,2.290787839,0.418600263,0.182732008
2,0,0,Now focus on the Image,003_visual_demo1.csv,1.858841856,0.365154227,0.196441793
2,0,0,Now focus on the Image,003demo_visual_demo1.csv,1.544431115,0.436057305,0.282341699
2,0,0,Now focus on the Image,004_visual_demo1.csv,1.709654406,0.304848652,0.178310103
2,0,0,Now focus on the Image,005_visual_demo1.csv,1.672309866,0.577226956,0.345167464
2,0,0,Now focus on the Image,006_visual_demo1.csv,1.415611467,0.251927019,0.177963392
2,0,0,Now focus on the Image,007_visual_demo1.csv,2.622234086,0.592321934,0.225884461
2,0,0,Now focus on the Image,008_visual_demo1.csv,2.649144301,0.917457688,0.346322277
2,0,0,Now focus on the Image,009_visual_demo1.csv,2.022643944,0.374219278,0.185014905
2,0,0,Now focus on the Image,010_visual_demo1.csv,1.937476454,0.310655188,0.16034011
2,0,0,Now focus on the Image,011_visual_demo1.csv,2.327038837,0.39450112,0.169529238
2,0,0,Now focus on the Image,012_visual_demo1.csv,1.649229148,0.484415087,0.293722123
2,0,0,Now focus on the Image,013_visual_demo1.csv,2.509345066,0.491106354,0.195710969
2,0,0,Now focus on the Image,014_visual_demo1.csv,2.279405134,0.512390379,0.224791272
2,0,0,Now focus on the Image,015_visual_demo1.csv,1.857256009,0.282031252,0.151853729
2,0,0,Now focus on the Image,016_visual_demo1.csv,1.532868892,0.374836648,0.244532751
2,0,0,Now focus on the Image,017_visual_demo1.csv,2.619618042,0.582726032,0.222446945
2,0,0,Now focus on the Image,019_visual_demo1.csv,2.012966131,0.401387621,0.19940108
2,0,0,Now focus on the Image,020_visual_demo1.csv,2.888912396,0.478707723,0.165705171
2,0,0,Now focus on the Image,021_visual_demo1.csv,1.67852613,0.661905812,0.394337509
2,0,0,Now focus on the Sound,001_visual_demo1.csv,3.371993737,0.824856489,0.244619817
2,0,0,Now focus on the Sound,002_visual_demo1.csv,2.338280031,0.375856968,0.160740785
2,0,0,Now focus on the Sound,003_visual_demo1.csv,2.607033764,0.67048571,0.257183363
2,0,0,Now focus on the Sound,003demo_visual_demo1.csv,1.710192281,0.428249685,0.250410255
2,0,0,Now focus on the Sound,004_visual_demo1.csv,2.027770005,0.221816534,0.109389395
2,0,0,Now focus on the Sound,005_visual_demo1.csv,2.226008327,0.635239059,0.285371376
2,0,0,Now focus on the Sound,006_visual_demo1.csv,1.914788079,0.779608226,0.40715118
2,0,0,Now focus on the Sound,007_visual_demo1.csv,2.636762047,1.075793448,0.407997927
2,0,0,Now focus on the Sound,008_visual_demo1.csv,2.967743235,1.15020121,0.387567629
2,0,0,Now focus on the Sound,009_visual_demo1.csv,2.238274969,0.242989077,0.10856087
2,0,0,Now focus on the Sound,010_visual_demo1.csv,2.13699266,0.472327058,0.221024184
2,0,0,Now focus on the Sound,011_visual_demo1.csv,2.013459296,0.244670694,0.121517576
2,0,0,Now focus on the Sound,012_visual_demo1.csv,1.791931686,0.521665035,0.291118818
2,0,0,Now focus on the Sound,013_visual_demo1.csv,2.74433376,0.794233667,0.289408555
2,0,0,Now focus on the Sound,014_visual_demo1.csv,2.634807083,0.953664153,0.361948379
2,0,0,Now focus on the Sound,015_visual_demo1.csv,2.037358421,0.418792809,0.205556766
2,0,0,Now focus on the Sound,016_visual_demo1.csv,2.015145097,0.235309469,0.116770484
2,0,0,Now focus on the Sound,017_visual_demo1.csv,2.12180967,0.520571228,0.245343037
2,0,0,Now focus on the Sound,019_visual_demo1.csv,2.234713696,0.473893929,0.212060243
2,0,0,Now focus on the Sound,020_visual_demo1.csv,3.601189275,1.720556845,0.477774622
2,0,0,Now focus on the Sound,021_visual_demo1.csv,1.6668626,0.460598342,0.27632652
2,0,1,Now focus on the Image,001_visual_demo1.csv,3.091163392,0.851920421,0.275598638
2,0,1,Now focus on the Image,002_visual_demo1.csv,1.972115053,0.382628753,0.194019488
2,0,1,Now focus on the Image,003_visual_demo1.csv,2.016683788,0.347831328,0.17247688
2,0,1,Now focus on the Image,003demo_visual_demo1.csv,1.493460632,0.237478031,0.159011913
2,0,1,Now focus on the Image,004_visual_demo1.csv,1.58347277,0.273644842,0.172813102
2,0,1,Now focus on the Image,005_visual_demo1.csv,1.965987357,0.522635344,0.265838609
2,0,1,Now focus on the Image,006_visual_demo1.csv,1.620694322,0.217358974,0.134114725
2,0,1,Now focus on the Image,007_visual_demo1.csv,2.829373478,0.723510109,0.255713894
2,0,1,Now focus on the Image,008_visual_demo1.csv,2.238221016,1.284293858,0.573801179
2,0,1,Now focus on the Image,009_visual_demo1.csv,2.344923625,0.42070208,0.179409715
2,0,1,Now focus on the Image,010_visual_demo1.csv,1.850953232,0.41321634,0.223245154
2,0,1,Now focus on the Image,011_visual_demo1.csv,2.166853176,0.387485246,0.178823951
2,0,1,Now focus on the Image,012_visual_demo1.csv,2.119001416,0.65634357,0.309741922
2,0,1,Now focus on the Image,013_visual_demo1.csv,2.784698248,1.06598459,0.382800754
2,0,1,Now focus on the Image,014_visual_demo1.csv,2.109731814,0.831442095,0.394098477
2,0,1,Now focus on the Image,015_visual_demo1.csv,1.956030066,0.261416698,0.133646564
2,0,1,Now focus on the Image,016_visual_demo1.csv,2.093373879,0.519924697,0.24836686
2,0,1,Now focus on the Image,017_visual_demo1.csv,2.666078261,0.637204197,0.239004311
2,0,1,Now focus on the Image,019_visual_demo1.csv,2.291125769,0.635105413,0.277202335
2,0,1,Now focus on the Image,020_visual_demo1.csv,2.567674515,0.526125436,0.204903477
2,0,1,Now focus on the Image,021_visual_demo1.csv,1.74198996,0.940358836,0.539818746
2,0,1,Now focus on the Sound,001_visual_demo1.csv,3.446117948,1.003325125,0.291146484
2,0,1,Now focus on the Sound,002_visual_demo1.csv,1.962333376,0.242655868,0.123656801
2,0,1,Now focus on the Sound,003_visual_demo1.csv,2.37569204,0.289843771,0.122003932
2,0,1,Now focus on the Sound,003demo_visual_demo1.csv,1.605474199,0.237103006,0.147684096
2,0,1,Now focus on the Sound,004_visual_demo1.csv,2.006610435,0.277119912,0.138103494
2,0,1,Now focus on the Sound,005_visual_demo1.csv,2.590631154,0.638133583,0.246323596
2,0,1,Now focus on the Sound,006_visual_demo1.csv,1.840040704,0.326923642,0.177671962
2,0,1,Now focus on the Sound,007_visual_demo1.csv,2.40333961,0.564326932,0.234809484
2,0,1,Now focus on the Sound,008_visual_demo1.csv,2.704598241,0.819462591,0.302988658
2,0,1,Now focus on the Sound,009_visual_demo1.csv,2.551489592,0.387199125,0.151754146
2,0,1,Now focus on the Sound,010_visual_demo1.csv,2.424381729,0.338156028,0.139481346
2,0,1,Now focus on the Sound,011_visual_demo1.csv,2.006029749,0.221414688,0.110374578
2,0,1,Now focus on the Sound,012_visual_demo1.csv,1.882972744,0.317180213,0.168446524
2,0,1,Now focus on the Sound,013_visual_demo1.csv,2.880763266,0.442199787,0.153500911
2,0,1,Now focus on the Sound,014_visual_demo1.csv,2.53055803,0.965387658,0.381492006
2,0,1,Now focus on the Sound,015_visual_demo1.csv,2.05683485,0.404602537,0.196711241
2,0,1,Now focus on the Sound,016_visual_demo1.csv,2.480983834,0.496019981,0.199928744
2,0,1,Now focus on the Sound,017_visual_demo1.csv,2.139410771,0.80471042,0.376136472
2,0,1,Now focus on the Sound,019_visual_demo1.csv,2.351004951,0.993939121,0.422772024
2,0,1,Now focus on the Sound,020_visual_demo1.csv,2.966712639,0.87206911,0.293951325
2,0,1,Now focus on the Sound,021_visual_demo1.csv,2.27258014,0.821432051,0.361453502
2,1,0,Now focus on the Image,001_visual_demo1.csv,2.710875533,0.685162947,0.252746
2,1,0,Now focus on the Image,002_visual_demo1.csv,2.224298284,0.23243109,0.104496367
2,1,0,Now focus on the Image,003_visual_demo1.csv,2.127219443,0.351652927,0.165311072
2,1,0,Now focus on the Image,003demo_visual_demo1.csv,1.671835877,0.853042962,0.510243244
2,1,0,Now focus on the Image,004_visual_demo1.csv,1.624814401,0.422482338,0.260018829
2,1,0,Now focus on the Image,005_visual_demo1.csv,1.492021119,0.273020871,0.18298727
2,1,0,Now focus on the Image,006_visual_demo1.csv,1.302462726,0.265898038,0.20415021
2,1,0,Now focus on the Image,007_visual_demo1.csv,2.526974305,0.793570715,0.314039883
2,1,0,Now focus on the Image,008_visual_demo1.csv,2.033268788,0.556857971,0.27387327
2,1,0,Now focus on the Image,009_visual_demo1.csv,1.970442394,0.343542142,0.174347722
2,1,0,Now focus on the Image,010_visual_demo1.csv,1.870424455,0.281700062,0.150607559
2,1,0,Now focus on the Image,011_visual_demo1.csv,2.124177647,0.353065352,0.166212724
2,1,0,Now focus on the Image,012_visual_demo1.csv,2.216937043,0.921323694,0.415584058
2,1,0,Now focus on the Image,013_visual_demo1.csv,2.493475239,0.61010966,0.244682462
2,1,0,Now focus on the Image,014_visual_demo1.csv,2.17157376,0.352846637,0.162484298
2,1,0,Now focus on the Image,015_visual_demo1.csv,1.735408267,0.31688458,0.182599441
2,1,0,Now focus on the Image,016_visual_demo1.csv,1.568571788,0.569544506,0.363097507
2,1,0,Now focus on the Image,017_visual_demo1.csv,2.538403654,0.708580544,0.279144155
2,1,0,Now focus on the Image,019_visual_demo1.csv,2.158792464,0.315957423,0.146358406
2,1,0,Now focus on the Image,020_visual_demo1.csv,2.926579506,0.459209938,0.156910119
2,1,0,Now focus on the Image,021_visual_demo1.csv,1.62357398,0.543424716,0.334708934
2,1,0,Now focus on the Sound,001_visual_demo1.csv,2.779750752,0.838186183,0.301532856
2,1,0,Now focus on the Sound,002_visual_demo1.csv,2.384717733,0.45245998,0.189733139
2,1,0,Now focus on the Sound,003_visual_demo1.csv,2.442443392,0.52436462,0.214688546
2,1,0,Now focus on the Sound,003demo_visual_demo1.csv,2.086512478,0.532762264,0.255336246
2,1,0,Now focus on the Sound,004_visual_demo1.csv,1.918364794,0.345709697,0.180210614
2,1,0,Now focus on the Sound,005_visual_demo1.csv,1.744085055,0.333427858,0.191176375
2,1,0,Now focus on the Sound,006_visual_demo1.csv,1.703254642,0.363538248,0.213437403
2,1,0,Now focus on the Sound,007_visual_demo1.csv,2.172160295,0.490949046,0.226018792
2,1,0,Now focus on the Sound,008_visual_demo1.csv,2.863714414,0.803307492,0.280512431
2,1,0,Now focus on the Sound,009_visual_demo1.csv,2.403856316,0.290060067,0.120664478
2,1,0,Now focus on the Sound,010_visual_demo1.csv,2.174647033,0.31292503,0.143896929
2,1,0,Now focus on the Sound,011_visual_demo1.csv,1.978769557,0.287201578,0.145141498
2,1,0,Now focus on the Sound,012_visual_demo1.csv,1.601238056,0.669715421,0.418248503
2,1,0,Now focus on the Sound,013_visual_demo1.csv,2.513575419,0.284360796,0.113130004
2,1,0,Now focus on the Sound,014_visual_demo1.csv,2.277460998,0.363333598,0.159534498
2,1,0,Now focus on the Sound,015_visual_demo1.csv,2.03776378,0.258991042,0.127095714
2,1,0,Now focus on the Sound,016_visual_demo1.csv,2.190064282,0.279447592,0.127597895
2,1,0,Now focus on the Sound,017_visual_demo1.csv,2.133566753,0.682554518,0.319912427
2,1,0,Now focus on the Sound,019_visual_demo1.csv,2.403594162,0.428571679,0.17830451
2,1,0,Now focus on the Sound,020_visual_demo1.csv,2.924319315,0.876208378,0.299628147
2,1,0,Now focus on the Sound,021_visual_demo1.csv,1.54791695,0.574847541,0.371368464
2.5,0,0,Now focus on the Image,001_visual_demo1.csv,3.189927046,0.467803841,0.146650326
2.5,0,0,Now focus on the Image,002_visual_demo1.csv,2.496297567,0.355211605,0.142295378
2.5,0,0,Now focus on the Image,003_visual_demo1.csv,2.162170885,0.174303872,0.080615216
2.5,0,0,Now focus on the Image,003demo_visual_demo1.csv,1.634960564,0.491618043,0.300691071
2.5,0,0,Now focus on the Image,004_visual_demo1.csv,2.031825855,0.343457812,0.169039001
2.5,0,0,Now focus on the Image,005_visual_demo1.csv,1.66590542,0.373222901,0.224036069
2.5,0,0,Now focus on the Image,006_visual_demo1.csv,1.705626698,0.272475013,0.159750673
2.5,0,0,Now focus on the Image,007_visual_demo1.csv,2.359497935,0.417082222,0.176767361
2.5,0,0,Now focus on the Image,008_visual_demo1.csv,2.775801251,1.072680137,0.38643982
2.5,0,0,Now focus on the Image,009_visual_demo1.csv,2.386090987,0.366934663,0.153780667
2.5,0,0,Now focus on the Image,010_visual_demo1.csv,2.288022703,0.437977787,0.191421959
2.5,0,0,Now focus on the Image,011_visual_demo1.csv,2.398372435,0.4260995,0.17766194
2.5,0,0,Now focus on the Image,012_visual_demo1.csv,2.057081398,0.634258804,0.308329463
2.5,0,0,Now focus on the Image,013_visual_demo1.csv,2.243016962,0.332707817,0.148330495
2.5,0,0,Now focus on the Image,014_visual_demo1.csv,2.365356052,0.365677459,0.154597215
2.5,0,0,Now focus on the Image,015_visual_demo1.csv,2.210193773,0.394908723,0.178676064
2.5,0,0,Now focus on the Image,016_visual_demo1.csv,1.394594102,0.167062125,0.119792651
2.5,0,0,Now focus on the Image,017_visual_demo1.csv,2.872539857,0.462886534,0.161141901
2.5,0,0,Now focus on the Image,019_visual_demo1.csv,2.645963312,0.530293121,0.200415901
2.5,0,0,Now focus on the Image,020_visual_demo1.csv,3.341780914,0.610142921,0.182580168
2.5,0,0,Now focus on the Image,021_visual_demo1.csv,2.14725408,0.927538501,0.43196495
2.5,0,0,Now focus on the Sound,001_visual_demo1.csv,3.243755005,0.661187615,0.203834018
2.5,0,0,Now focus on the Sound,002_visual_demo1.csv,2.4952173,0.29934443,0.119967279
2.5,0,0,Now focus on the Sound,003_visual_demo1.csv,2.572794874,0.290968951,0.113094501
2.5,0,0,Now focus on the Sound,003demo_visual_demo1.csv,2.160708447,0.362169503,0.167616091
2.5,0,0,Now focus on the Sound,004_visual_demo1.csv,2.284751842,0.156405132,0.06845607
2.5,0,0,Now focus on the Sound,005_visual_demo1.csv,2.166349586,0.488787192,0.225627108
2.5,0,0,Now focus on the Sound,006_visual_demo1.csv,1.945315839,0.251108365,0.129083596
2.5,0,0,Now focus on the Sound,007_visual_demo1.csv,2.666252405,0.38366673,0.143897378
2.5,0,0,Now focus on the Sound,008_visual_demo1.csv,2.59477428,0.597602538,0.230310028
2.5,0,0,Now focus on the Sound,009_visual_demo1.csv,2.759434723,0.308907831,0.111946055
2.5,0,0,Now focus on the Sound,010_visual_demo1.csv,2.321896134,0.281770303,0.121353535
2.5,0,0,Now focus on the Sound,011_visual_demo1.csv,2.16304541,0.294849621,0.136312266
2.5,0,0,Now focus on the Sound,012_visual_demo1.csv,2.290180208,0.567064784,0.247607058
2.5,0,0,Now focus on the Sound,013_visual_demo1.csv,2.863111446,0.79608636,0.278049379
2.5,0,0,Now focus on the Sound,014_visual_demo1.csv,2.577988023,0.533945486,0.207117132
2.5,0,0,Now focus on the Sound,015_visual_demo1.csv,2.071207439,0.372090598,0.179649122
2.5,0,0,Now focus on the Sound,016_visual_demo1.csv,2.116947506,0.405838721,0.191709393
2.5,0,0,Now focus on the Sound,017_visual_demo1.csv,2.56074912,0.413887039,0.161627328
2.5,0,0,Now focus on the Sound,019_visual_demo1.csv,2.462921077,0.643498721,0.261274601
2.5,0,0,Now focus on the Sound,020_visual_demo1.csv,3.401208286,0.57184892,0.168131109
2.5,0,0,Now focus on the Sound,021_visual_demo1.csv,1.89541154,0.701732544,0.370227008
2.5,0,1,Now focus on the Image,001_visual_demo1.csv,3.512535002,1.433614343,0.408142365
2.5,0,1,Now focus on the Image,002_visual_demo1.csv,2.541844702,0.652646184,0.256760841
2.5,0,1,Now focus on the Image,003_visual_demo1.csv,2.249325865,0.363914333,0.161788178
2.5,0,1,Now focus on the Image,003demo_visual_demo1.csv,1.7298522,0.407490385,0.2355637
2.5,0,1,Now focus on the Image,004_visual_demo1.csv,1.944648589,0.449215337,0.231000778
2.5,0,1,Now focus on the Image,005_visual_demo1.csv,1.796125063,0.446349899,0.248507138
2.5,0,1,Now focus on the Image,006_visual_demo1.csv,1.961066416,0.39658144,0.20222744
2.5,0,1,Now focus on the Image,007_visual_demo1.csv,2.4773718,0.388055112,0.156639836
2.5,0,1,Now focus on the Image,008_visual_demo1.csv,2.321467079,0.949508132,0.409012103
2.5,0,1,Now focus on the Image,009_visual_demo1.csv,2.48908588,0.440093846,0.176809426
2.5,0,1,Now focus on the Image,010_visual_demo1.csv,2.381089049,0.359517538,0.150988699
2.5,0,1,Now focus on the Image,011_visual_demo1.csv,2.522684233,0.32717214,0.12969207
2.5,0,1,Now focus on the Image,012_visual_demo1.csv,2.105068373,0.571998321,0.271724343
2.5,0,1,Now focus on the Image,013_visual_demo1.csv,2.72178504,0.550078527,0.20210212
2.5,0,1,Now focus on the Image,014_visual_demo1.csv,2.397781817,0.337730769,0.140851335
2.5,0,1,Now focus on the Image,015_visual_demo1.csv,2.434387507,0.408946748,0.167987532
2.5,0,1,Now focus on the Image,016_visual_demo1.csv,1.901108611,0.640367052,0.336838752
2.5,0,1,Now focus on the Image,017_visual_demo1.csv,2.838198735,0.432479205,0.152378056
2.5,0,1,Now focus on the Image,019_visual_demo1.csv,2.751029742,0.667684616,0.242703525
2.5,0,1,Now focus on the Image,020_visual_demo1.csv,2.842376897,0.905985031,0.318742047
2.5,0,1,Now focus on the Image,021_visual_demo1.csv,2.09315474,0.4564346,0.21806061
2.5,0,1,Now focus on the Sound,001_visual_demo1.csv,2.556157022,0.583358066,0.228216835
2.5,0,1,Now focus on the Sound,002_visual_demo1.csv,2.351491502,0.251156313,0.106807238
2.5,0,1,Now focus on the Sound,003_visual_demo1.csv,2.50619127,0.354098053,0.141289317
2.5,0,1,Now focus on the Sound,003demo_visual_demo1.csv,2.086828644,0.396677167,0.190086123
2.5,0,1,Now focus on the Sound,004_visual_demo1.csv,2.281617802,0.351205233,0.153928161
2.5,0,1,Now focus on the Sound,005_visual_demo1.csv,2.390611999,0.412011639,0.172345675
2.5,0,1,Now focus on the Sound,006_visual_demo1.csv,2.465391713,0.941035265,0.381698072
2.5,0,1,Now focus on the Sound,007_visual_demo1.csv,2.623993439,0.635855426,0.242323558
2.5,0,1,Now focus on the Sound,008_visual_demo1.csv,3.012807146,0.923150665,0.306408814
2.5,0,1,Now focus on the Sound,009_visual_demo1.csv,3.043214755,0.394348538,0.129582882
2.5,0,1,Now focus on the Sound,010_visual_demo1.csv,2.478414465,0.292325142,0.117948449
2.5,0,1,Now focus on the Sound,011_visual_demo1.csv,2.118112518,0.207354036,0.097895666
2.5,0,1,Now focus on the Sound,012_visual_demo1.csv,2.388832133,0.725468413,0.303691667
2.5,0,1,Now focus on the Sound,013_visual_demo1.csv,3.06285209,0.594813019,0.194202332
2.5,0,1,Now focus on the Sound,014_visual_demo1.csv,2.381959429,0.45882524,0.192625128
2.5,0,1,Now focus on the Sound,015_visual_demo1.csv,2.402714013,0.270688056,0.11265929
2.5,0,1,Now focus on the Sound,016_visual_demo1.csv,2.263371541,0.351075696,0.155111827
2.5,0,1,Now focus on the Sound,017_visual_demo1.csv,2.475067098,0.70232689,0.283760748
2.5,0,1,Now focus on the Sound,019_visual_demo1.csv,2.87901491,0.762338839,0.264791556
2.5,0,1,Now focus on the Sound,020_visual_demo1.csv,2.729251535,0.337778748,0.12376241
2.5,0,1,Now focus on the Sound,021_visual_demo1.csv,2.26585019,0.803797159,0.354744176
2.5,1,0,Now focus on the Image,001_visual_demo1.csv,3.253930926,1.45723993,0.447839848
2.5,1,0,Now focus on the Image,002_visual_demo1.csv,2.386973901,0.401809982,0.168334468
2.5,1,0,Now focus on the Image,003_visual_demo1.csv,2.236523682,0.332922521,0.148857141
2.5,1,0,Now focus on the Image,003demo_visual_demo1.csv,1.452560486,0.320401358,0.220576948
2.5,1,0,Now focus on the Image,004_visual_demo1.csv,2.047485215,0.375797574,0.183541044
2.5,1,0,Now focus on the Image,005_visual_demo1.csv,1.682726781,0.368015964,0.218702149
2.5,1,0,Now focus on the Image,006_visual_demo1.csv,1.582136837,0.385536708,0.243681013
2.5,1,0,Now focus on the Image,007_visual_demo1.csv,2.741571169,0.71045106,0.259140112
2.5,1,0,Now focus on the Image,008_visual_demo1.csv,2.949838919,1.395184069,0.472969578
2.5,1,0,Now focus on the Image,009_visual_demo1.csv,2.327178651,0.358069788,0.153864332
2.5,1,0,Now focus on the Image,010_visual_demo1.csv,2.080870814,0.275777675,0.132529935
2.5,1,0,Now focus on the Image,011_visual_demo1.csv,2.502978551,0.373601647,0.149262824
2.5,1,0,Now focus on the Image,012_visual_demo1.csv,2.019766606,0.599976383,0.297052333
2.5,1,0,Now focus on the Image,013_visual_demo1.csv,2.481221458,0.469880313,0.189374597
2.5,1,0,Now focus on the Image,014_visual_demo1.csv,2.090760077,0.435854895,0.208467198
2.5,1,0,Now focus on the Image,015_visual_demo1.csv,2.012393747,0.267475098,0.132913898
2.5,1,0,Now focus on the Image,016_visual_demo1.csv,1.221349374,0.299579877,0.245285979
2.5,1,0,Now focus on the Image,017_visual_demo1.csv,2.900334125,0.541236973,0.186611938
2.5,1,0,Now focus on the Image,019_visual_demo1.csv,2.470639627,0.577477726,0.233736122
2.5,1,0,Now focus on the Image,020_visual_demo1.csv,3.260207019,1.050436197,0.322199232
2.5,1,0,Now focus on the Image,021_visual_demo1.csv,1.39503894,0.582941156,0.417867301
2.5,1,0,Now focus on the Sound,001_visual_demo1.csv,2.766954941,0.486780891,0.17592657
2.5,1,0,Now focus on the Sound,002_visual_demo1.csv,2.611778094,0.651125594,0.249303567
2.5,1,0,Now focus on the Sound,003_visual_demo1.csv,2.575371945,0.394553282,0.153202446
2.5,1,0,Now focus on the Sound,003demo_visual_demo1.csv,2.261101964,0.362932851,0.160511493
2.5,1,0,Now focus on the Sound,004_visual_demo1.csv,2.180419417,0.191128818,0.087656905
2.5,1,0,Now focus on the Sound,005_visual_demo1.csv,1.99638411,0.365433467,0.183047674
2.5,1,0,Now focus on the Sound,006_visual_demo1.csv,1.913038241,0.458872893,0.239866033
2.5,1,0,Now focus on the Sound,007_visual_demo1.csv,3.000509465,0.517318617,0.17241026
2.5,1,0,Now focus on the Sound,008_visual_demo1.csv,3.05006998,1.134246269,0.37187549
2.5,1,0,Now focus on the Sound,009_visual_demo1.csv,2.971433403,0.403189524,0.135688562
2.5,1,0,Now focus on the Sound,010_visual_demo1.csv,2.354853502,0.338638652,0.143804551
2.5,1,0,Now focus on the Sound,011_visual_demo1.csv,2.238734918,0.328014721,0.146517892
2.5,1,0,Now focus on the Sound,012_visual_demo1.csv,2.302646377,0.474915288,0.2062476
2.5,1,0,Now focus on the Sound,013_visual_demo1.csv,2.780136452,0.433632428,0.155975232
2.5,1,0,Now focus on the Sound,014_visual_demo1.csv,2.639111535,0.46095053,0.174661254
2.5,1,0,Now focus on the Sound,015_visual_demo1.csv,2.369365517,0.351765013,0.148463802
2.5,1,0,Now focus on the Sound,016_visual_demo1.csv,2.102057854,0.392402881,0.186675586
2.5,1,0,Now focus on the Sound,017_visual_demo1.csv,2.461614127,0.557166699,0.226342014
2.5,1,0,Now focus on the Sound,019_visual_demo1.csv,2.317214823,1.082474867,0.467144805
2.5,1,0,Now focus on the Sound,020_visual_demo1.csv,3.502358569,0.532041967,0.151909622
2.5,1,0,Now focus on the Sound,021_visual_demo1.csv,1.63675932,0.563592092,0.344334127
3,0,0,Now focus on the Image,001_visual_demo1.csv,3.506409036,1.073589218,0.306179116
3,0,0,Now focus on the Image,002_visual_demo1.csv,2.968946998,0.480531238,0.161852414
3,0,0,Now focus on the Image,003_visual_demo1.csv,2.539009331,0.459330917,0.180909504
3,0,0,Now focus on the Image,003demo_visual_demo1.csv,2.086052367,0.8095786,0.388091216
3,0,0,Now focus on the Image,004_visual_demo1.csv,2.296093892,0.448168463,0.195187342
3,0,0,Now focus on the Image,005_visual_demo1.csv,1.908821644,0.525281454,0.275186242
3,0,0,Now focus on the Image,006_visual_demo1.csv,2.091636126,0.490473781,0.234492881
3,0,0,Now focus on the Image,007_visual_demo1.csv,2.918843736,0.817934531,0.280225529
3,0,0,Now focus on the Image,008_visual_demo1.csv,2.64069168,0.795849275,0.301379097
3,0,0,Now focus on the Image,009_visual_demo1.csv,2.599568247,0.489822777,0.188424665
3,0,0,Now focus on the Image,010_visual_demo1.csv,2.144084465,0.35981913,0.167819476
3,0,0,Now focus on the Image,011_visual_demo1.csv,2.558236697,0.260058325,0.101655302
3,0,0,Now focus on the Image,012_visual_demo1.csv,2.474251813,0.576395392,0.23295745
3,0,0,Now focus on the Image,013_visual_demo1.csv,2.818628931,0.576117344,0.204396307
3,0,0,Now focus on the Image,014_visual_demo1.csv,2.581019458,0.366723201,0.142084632
3,0,0,Now focus on the Image,015_visual_demo1.csv,2.482737138,0.437602638,0.176258143
3,0,0,Now focus on the Image,016_visual_demo1.csv,1.633678909,0.278505519,0.170477514
3,0,0,Now focus on the Image,017_visual_demo1.csv,3.358724397,0.656484712,0.195456559
3,0,0,Now focus on the Image,019_visual_demo1.csv,3.03507303,0.408712016,0.134662992
3,0,0,Now focus on the Image,020_visual_demo1.csv,3.84449246,0.76999759,0.200285889
3,0,0,Now focus on the Image,021_visual_demo1.csv,1.78085459,0.559166903,0.313987962
3,0,0,Now focus on the Sound,001_visual_demo1.csv,3.276386617,0.699910195,0.21362259
3,0,0,Now focus on the Sound,002_visual_demo1.csv,2.484707089,0.873165281,0.351415781
3,0,0,Now focus on the Sound,003_visual_demo1.csv,2.877446837,0.354506195,0.123201649
3,0,0,Now focus on the Sound,003demo_visual_demo1.csv,2.4299832,0.422626981,0.173921771
3,0,0,Now focus on the Sound,004_visual_demo1.csv,2.50957121,0.452855846,0.180451483
3,0,0,Now focus on the Sound,005_visual_demo1.csv,2.568253421,0.610869599,0.237854097
3,0,0,Now focus on the Sound,006_visual_demo1.csv,2.231078988,0.521530493,0.233757073
3,0,0,Now focus on the Sound,007_visual_demo1.csv,3.020260415,0.695043708,0.230127079
3,0,0,Now focus on the Sound,008_visual_demo1.csv,2.785292811,0.591698039,0.212436566
3,0,0,Now focus on the Sound,009_visual_demo1.csv,3.384549506,0.648460864,0.191594439
3,0,0,Now focus on the Sound,010_visual_demo1.csv,2.216691868,0.225387874,0.101677584
3,0,0,Now focus on the Sound,011_visual_demo1.csv,2.502570503,0.25657118,0.102523058
3,0,0,Now focus on the Sound,012_visual_demo1.csv,2.672842139,0.49499435,0.185194009
3,0,0,Now focus on the Sound,013_visual_demo1.csv,2.726454093,0.719051147,0.26373125
3,0,0,Now focus on the Sound,014_visual_demo1.csv,2.709390642,0.385269632,0.14219789
3,0,0,Now focus on the Sound,015_visual_demo1.csv,2.553127744,0.335003797,0.131213097
3,0,0,Now focus on the Sound,016_visual_demo1.csv,2.64744341,1.453683911,0.549089701
3,0,0,Now focus on the Sound,017_visual_demo1.csv,2.715103772,0.661733422,0.243723068
3,0,0,Now focus on the Sound,019_visual_demo1.csv,2.721889507,0.858425631,0.315378574
3,0,0,Now focus on the Sound,020_visual_demo1.csv,3.931482268,0.740443259,0.188336919
3,0,0,Now focus on the Sound,021_visual_demo1.csv,1.77803473,0.607142002,0.341468022
3,0,1,Now focus on the Image,001_visual_demo1.csv,3.089168482,0.641460647,0.207648321
3,0,1,Now focus on the Image,002_visual_demo1.csv,2.79662426,0.439134858,0.157023188
3,0,1,Now focus on the Image,003_visual_demo1.csv,2.493242167,0.205965381,0.082609457
3,0,1,Now focus on the Image,003demo_visual_demo1.csv,1.792088467,0.37328072,0.20829369
3,0,1,Now focus on the Image,004_visual_demo1.csv,2.261481852,0.530091902,0.234400246
3,0,1,Now focus on the Image,005_visual_demo1.csv,2.365995282,0.694122558,0.293374447
3,0,1,Now focus on the Image,006_visual_demo1.csv,2.503719015,1.469551175,0.586947324
3,0,1,Now focus on the Image,007_visual_demo1.csv,2.893652222,0.963140085,0.332845833
3,0,1,Now focus on the Image,008_visual_demo1.csv,2.40997191,0.535103598,0.222037276
3,0,1,Now focus on the Image,009_visual_demo1.csv,3.057797831,0.407051114,0.133119041
3,0,1,Now focus on the Image,010_visual_demo1.csv,2.59185692,0.471021284,0.181731206
3,0,1,Now focus on the Image,011_visual_demo1.csv,2.548052114,0.269556923,0.105789407
3,0,1,Now focus on the Image,012_visual_demo1.csv,2.182074339,0.476864818,0.218537384
3,0,1,Now focus on the Image,013_visual_demo1.csv,2.816458375,1.041598996,0.369825809
3,0,1,Now focus on the Image,014_visual_demo1.csv,2.501734298,0.549795386,0.219765699
3,0,1,Now focus on the Image,015_visual_demo1.csv,2.549360595,0.275606203,0.108107972
3,0,1,Now focus on the Image,016_visual_demo1.csv,1.990120571,0.729079999,0.366349662
3,0,1,Now focus on the Image,017_visual_demo1.csv,3.46644251,0.470019111,0.135591203
3,0,1,Now focus on the Image,019_visual_demo1.csv,3.048501331,0.849987192,0.278821329
3,0,1,Now focus on the Image,020_visual_demo1.csv,3.310466164,0.831733036,0.251243479
3,0,1,Now focus on the Image,021_visual_demo1.csv,2.36327874,0.671975096,0.284340177
3,0,1,Now focus on the Sound,001_visual_demo1.csv,3.523116739,0.95580171,0.271294363
3,0,1,Now focus on the Sound,002_visual_demo1.csv,2.85858904,0.508837175,0.178002913
3,0,1,Now focus on the Sound,003_visual_demo1.csv,2.841910431,0.509295091,0.179208706
3,0,1,Now focus on the Sound,003demo_visual_demo1.csv,2.354169498,0.543697569,0.230950902
3,0,1,Now focus on the Sound,004_visual_demo1.csv,2.737068767,0.317505477,0.11600201
3,0,1,Now focus on the Sound,005_visual_demo1.csv,2.887389406,0.720792491,0.249634666
3,0,1,Now focus on the Sound,006_visual_demo1.csv,2.269268494,0.471507634,0.207779571
3,0,1,Now focus on the Sound,007_visual_demo1.csv,2.628260946,0.548223094,0.208587772
3,0,1,Now focus on the Sound,008_visual_demo1.csv,2.916532546,0.737254749,0.252784681
3,0,1,Now focus on the Sound,009_visual_demo1.csv,3.742441017,0.602863489,0.161088307
3,0,1,Now focus on the Sound,010_visual_demo1.csv,3.043035815,0.444638843,0.146116861
3,0,1,Now focus on the Sound,011_visual_demo1.csv,2.41283738,0.341297691,0.141450764
3,0,1,Now focus on the Sound,012_visual_demo1.csv,2.491625415,0.601672381,0.241477863
3,0,1,Now focus on the Sound,013_visual_demo1.csv,3.178172462,0.533126254,0.167746169
3,0,1,Now focus on the Sound,014_visual_demo1.csv,2.878159282,0.794651588,0.276097155
3,0,1,Now focus on the Sound,015_visual_demo1.csv,2.719109879,0.302014738,0.111071178
3,0,1,Now focus on the Sound,016_visual_demo1.csv,3.080644025,1.420096655,0.460973953
3,0,1,Now focus on the Sound,017_visual_demo1.csv,2.35308315,0.897650275,0.381478349
3,0,1,Now focus on the Sound,019_visual_demo1.csv,2.853168874,0.89163046,0.312505323
3,0,1,Now focus on the Sound,020_visual_demo1.csv,2.927283426,0.534228145,0.182499631
3,0,1,Now focus on the Sound,021_visual_demo1.csv,2.26332202,0.539919442,0.238551756
3,1,0,Now focus on the Image,001_visual_demo1.csv,3.592872807,1.271610006,0.353925695
3,1,0,Now focus on the Image,002_visual_demo1.csv,2.893521832,0.508677627,0.175798787
3,1,0,Now focus on the Image,003_visual_demo1.csv,2.429005104,0.461896848,0.190158863
3,1,0,Now focus on the Image,003demo_visual_demo1.csv,1.621111141,0.321582463,0.198371632
3,1,0,Now focus on the Image,004_visual_demo1.csv,2.183250639,0.366890473,0.168047803
3,1,0,Now focus on the Image,005_visual_demo1.csv,1.790563649,0.492171497,0.274869591
3,1,0,Now focus on the Image,006_visual_demo1.csv,1.911358534,0.594850704,0.311218797
3,1,0,Now focus on the Image,007_visual_demo1.csv,3.089429584,0.890684204,0.288300536
3,1,0,Now focus on the Image,008_visual_demo1.csv,2.858116427,0.869922396,0.304369125
3,1,0,Now focus on the Image,009_visual_demo1.csv,2.851616133,0.529189489,0.185575289
3,1,0,Now focus on the Image,010_visual_demo1.csv,2.1268925,0.532150284,0.250200837
3,1,0,Now focus on the Image,011_visual_demo1.csv,2.646982846,0.244182949,0.09224954
3,1,0,Now focus on the Image,012_visual_demo1.csv,2.53878957,0.643328492,0.253399691
3,1,0,Now focus on the Image,013_visual_demo1.csv,2.506557711,0.704079108,0.280894832
3,1,0,Now focus on the Image,014_visual_demo1.csv,2.352327084,0.398722362,0.169501242
3,1,0,Now focus on the Image,015_visual_demo1.csv,2.49345432,0.257688824,0.103346118
3,1,0,Now focus on the Image,016_visual_demo1.csv,1.594376903,0.476836524,0.299073904
3,1,0,Now focus on the Image,017_visual_demo1.csv,3.275191949,0.456690378,0.139439271
3,1,0,Now focus on the Image,019_visual_demo1.csv,2.555203942,0.699980112,0.273942952
3,1,0,Now focus on the Image,020_visual_demo1.csv,3.596517778,0.421512593,0.117200197
3,1,0,Now focus on the Image,021_visual_demo1.csv,1.65072722,0.469028283,0.284134336
3,1,0,Now focus on the Sound,001_visual_demo1.csv,3.39285559,0.655902121,0.193318608
3,1,0,Now focus on the Sound,002_visual_demo1.csv,3.094992527,0.488029423,0.157683555
3,1,0,Now focus on the Sound,003_visual_demo1.csv,2.873589263,0.403055158,0.140261924
3,1,0,Now focus on the Sound,003demo_visual_demo1.csv,2.457597575,0.39096419,0.159083893
3,1,0,Now focus on the Sound,004_visual_demo1.csv,2.407719361,0.439946353,0.182723269
3,1,0,Now focus on the Sound,005_visual_demo1.csv,2.490166782,0.738332952,0.296499398
3,1,0,Now focus on the Sound,006_visual_demo1.csv,1.904192659,0.693603786,0.364250845
3,1,0,Now focus on the Sound,007_visual_demo1.csv,2.99732196,0.752270583,0.250980907
3,1,0,Now focus on the Sound,008_visual_demo1.csv,2.772971896,0.579483186,0.208975499
3,1,0,Now focus on the Sound,009_visual_demo1.csv,3.248426603,0.503154817,0.154891853
3,1,0,Now focus on the Sound,010_visual_demo1.csv,2.290438375,0.372895215,0.162805172
3,1,0,Now focus on the Sound,011_visual_demo1.csv,2.658556086,0.285713284,0.107469346
3,1,0,Now focus on the Sound,012_visual_demo1.csv,2.421704495,0.470199008,0.194160356
3,1,0,Now focus on the Sound,013_visual_demo1.csv,2.54386433,0.35436018,0.139299952
3,1,0,Now focus on the Sound,014_visual_demo1.csv,2.796209242,0.551049099,0.197070051
3,1,0,Now focus on the Sound,015_visual_demo1.csv,2.162929855,0.799666134,0.369714317
3,1,0,Now focus on the Sound,016_visual_demo1.csv,2.051170478,0.656318299,0.319972575
3,1,0,Now focus on the Sound,017_visual_demo1.csv,2.64895285,0.643083399,0.242768911
3,1,0,Now focus on the Sound,019_visual_demo1.csv,2.236776623,1.046792948,0.467991724
3,1,0,Now focus on the Sound,020_visual_demo1.csv,3.790395883,1.114674484,0.294078645
3,1,0,Now focus on the Sound,021_visual_demo1.csv,1.62365656,0.660645435,0.406887424
3.5,0,0,Now focus on the Image,001_visual_demo1.csv,4.067097288,0.537443052,0.132144135
3.5,0,0,Now focus on the Image,002_visual_demo1.csv,3.420190354,0.597856223,0.174802032
3.5,0,0,Now focus on the Image,003_visual_demo1.csv,2.510186591,0.492667493,0.196267279
3.5,0,0,Now focus on the Image,003demo_visual_demo1.csv,2.112456123,0.731466086,0.346263327
3.5,0,0,Now focus on the Image,004_visual_demo1.csv,2.646363304,0.309477618,0.116944494
3.5,0,0,Now focus on the Image,005_visual_demo1.csv,2.226762456,0.670962216,0.301317374
3.5,0,0,Now focus on the Image,006_visual_demo1.csv,1.746800557,0.259281003,0.148431944
3.5,0,0,Now focus on the Image,007_visual_demo1.csv,3.108178812,0.524658457,0.168799316
3.5,0,0,Now focus on the Image,008_visual_demo1.csv,2.67160493,0.439531027,0.16451947
3.5,0,0,Now focus on the Image,009_visual_demo1.csv,3.15792216,0.539256378,0.170763037
3.5,0,0,Now focus on the Image,010_visual_demo1.csv,2.197092384,0.279491235,0.127209596
3.5,0,0,Now focus on the Image,011_visual_demo1.csv,2.630454061,0.304272689,0.115673067
3.5,0,0,Now focus on the Image,012_visual_demo1.csv,2.499714501,0.546891289,0.218781501
3.5,0,0,Now focus on the Image,013_visual_demo1.csv,2.704574584,0.769366975,0.284468759
3.5,0,0,Now focus on the Image,014_visual_demo1.csv,2.436746037,0.539767883,0.221511752
3.5,0,0,Now focus on the Image,015_visual_demo1.csv,2.67479264,0.411484821,0.153838027
3.5,0,0,Now focus on the Image,016_visual_demo1.csv,1.818351806,0.368109343,0.202441212
3.5,0,0,Now focus on the Image,017_visual_demo1.csv,3.36856041,0.591554983,0.17561062
3.5,0,0,Now focus on the Image,019_visual_demo1.csv,3.514315791,0.734528084,0.209010268
3.5,0,0,Now focus on the Image,020_visual_demo1.csv,4.079871499,0.915280238,0.224340457
3.5,0,0,Now focus on the Image,021_visual_demo1.csv,2.11390222,0.41387933,0.19578925
3.5,0,0,Now focus on the Sound,001_visual_demo1.csv,3.144815042,0.50332396,0.160048827
3.5,0,0,Now focus on the Sound,002_visual_demo1.csv,3.335547834,0.43747474,0.131155289
3.5,0,0,Now focus on the Sound,003_visual_demo1.csv,3.162230003,0.652366145,0.206299398
3.5,0,0,Now focus on the Sound,003demo_visual_demo1.csv,2.641737394,0.221771327,0.083949043
3.5,0,0,Now focus on the Sound,004_visual_demo1.csv,2.830565933,0.319700826,0.112945903
3.5,0,0,Now focus on the Sound,005_visual_demo1.csv,2.49612166,0.517974107,0.207511563
3.5,0,0,Now focus on the Sound,006_visual_demo1.csv,2.0488798,0.383826521,0.187334817
3.5,0,0,Now focus on the Sound,007_visual_demo1.csv,3.471869522,0.569723603,0.164097066
3.5,0,0,Now focus on the Sound,008_visual_demo1.csv,2.747773004,0.549527716,0.199990216
3.5,0,0,Now focus on the Sound,009_visual_demo1.csv,3.551753799,0.529527028,0.149088889
3.5,0,0,Now focus on the Sound,010_visual_demo1.csv,2.576334524,0.342233055,0.132837196
3.5,0,0,Now focus on the Sound,011_visual_demo1.csv,3.051877113,0.244463335,0.080102614
3.5,0,0,Now focus on the Sound,012_visual_demo1.csv,2.867131111,0.582230637,0.20307081
3.5,0,0,Now focus on the Sound,013_visual_demo1.csv,2.782670485,0.4071845,0.146328681
3.5,0,0,Now focus on the Sound,014_visual_demo1.csv,2.868427815,0.373183644,0.130100413
3.5,0,0,Now focus on the Sound,015_visual_demo1.csv,2.692386236,0.262138861,0.097363022
3.5,0,0,Now focus on the Sound,016_visual_demo1.csv,2.239213017,0.940388216,0.419963714
3.5,0,0,Now focus on the Sound,017_visual_demo1.csv,3.231337019,0.630361674,0.195077663
3.5,0,0,Now focus on the Sound,019_visual_demo1.csv,3.267787919,0.793511405,0.242828306
3.5,0,0,Now focus on the Sound,020_visual_demo1.csv,3.598109873,1.029309982,0.286069636
3.5,0,0,Now focus on the Sound,021_visual_demo1.csv,1.97544965,0.450374888,0.227986012
3.5,0,1,Now focus on the Image,001_visual_demo1.csv,3.49909071,0.643027097,0.18376977
3.5,0,1,Now focus on the Image,002_visual_demo1.csv,3.228130977,0.692735979,0.214593517
3.5,0,1,Now focus on the Image,003_visual_demo1.csv,2.678646622,0.450494883,0.168180035
3.5,0,1,Now focus on the Image,003demo_visual_demo1.csv,2.169107339,0.527853168,0.243350413
3.5,0,1,Now focus on the Image,004_visual_demo1.csv,2.504225632,0.53433989,0.213375298
3.5,0,1,Now focus on the Image,005_visual_demo1.csv,2.768351173,0.727791343,0.262897045
3.5,0,1,Now focus on the Image,006_visual_demo1.csv,2.035003149,0.518209471,0.254647995
3.5,0,1,Now focus on the Image,007_visual_demo1.csv,3.180232639,0.9207387,0.289519291
3.5,0,1,Now focus on the Image,008_visual_demo1.csv,3.376882797,1.693648289,0.501541922
3.5,0,1,Now focus on the Image,009_visual_demo1.csv,3.307728052,0.45960719,0.138949509
3.5,0,1,Now focus on the Image,010_visual_demo1.csv,2.618171122,0.469572469,0.179351328
3.5,0,1,Now focus on the Image,011_visual_demo1.csv,2.4852187,0.88877293,0.357623629
3.5,0,1,Now focus on the Image,012_visual_demo1.csv,2.61898678,0.686851212,0.262258373
3.5,0,1,Now focus on the Image,013_visual_demo1.csv,2.795745029,0.739198498,0.264401256
3.5,0,1,Now focus on the Image,014_visual_demo1.csv,2.717194335,0.571802463,0.21043856
3.5,0,1,Now focus on the Image,015_visual_demo1.csv,3.128057823,0.723952848,0.231438448
3.5,0,1,Now focus on the Image,016_visual_demo1.csv,2.033193868,0.717915542,0.353097436
3.5,0,1,Now focus on the Image,017_visual_demo1.csv,3.48882974,0.568510087,0.162951514
3.5,0,1,Now focus on the Image,019_visual_demo1.csv,3.813096296,0.422898743,0.110906914
3.5,0,1,Now focus on the Image,020_visual_demo1.csv,3.394289922,0.387370654,0.11412421
3.5,0,1,Now focus on the Image,021_visual_demo1.csv,2.19427258,0.643551805,0.293287083
3.5,0,1,Now focus on the Sound,001_visual_demo1.csv,3.484123979,0.602597339,0.172955194
3.5,0,1,Now focus on the Sound,002_visual_demo1.csv,3.096870898,0.495408116,0.159970542
3.5,0,1,Now focus on the Sound,003_visual_demo1.csv,2.945870311,0.348832008,0.118413905
3.5,0,1,Now focus on the Sound,003demo_visual_demo1.csv,2.186880915,0.478439819,0.218777262
3.5,0,1,Now focus on the Sound,004_visual_demo1.csv,2.761612043,0.342266769,0.12393731
3.5,0,1,Now focus on the Sound,005_visual_demo1.csv,2.910443429,0.534602342,0.183684155
3.5,0,1,Now focus on the Sound,006_visual_demo1.csv,2.381580457,0.761633601,0.319801751
3.5,0,1,Now focus on the Sound,007_visual_demo1.csv,2.966463925,0.677205123,0.228286991
3.5,0,1,Now focus on the Sound,008_visual_demo1.csv,4.174690832,1.714086177,0.410589968
3.5,0,1,Now focus on the Sound,009_visual_demo1.csv,3.694469443,0.481302283,0.130276428
3.5,0,1,Now focus on the Sound,010_visual_demo1.csv,2.626912284,0.79550371,0.302828425
3.5,0,1,Now focus on the Sound,011_visual_demo1.csv,2.666916395,0.28626413,0.107338996
3.5,0,1,Now focus on the Sound,012_visual_demo1.csv,2.634713034,0.505785859,0.191969999
3.5,0,1,Now focus on the Sound,013_visual_demo1.csv,3.18814897,0.355681071,0.111563504
3.5,0,1,Now focus on the Sound,014_visual_demo1.csv,3.213752639,0.609491042,0.189650888
3.5,0,1,Now focus on the Sound,015_visual_demo1.csv,2.789391238,0.148587396,0.053268754
3.5,0,1,Now focus on the Sound,016_visual_demo1.csv,3.15380945,1.280296403,0.405952364
3.5,0,1,Now focus on the Sound,017_visual_demo1.csv,3.185167717,0.638979127,0.200610826
3.5,0,1,Now focus on the Sound,019_visual_demo1.csv,3.376945867,1.414431326,0.418849274
3.5,0,1,Now focus on the Sound,020_visual_demo1.csv,3.841596499,0.499206412,0.129947644
3.5,0,1,Now focus on the Sound,021_visual_demo1.csv,2.29156027,0.759458625,0.331415514
3.5,1,0,Now focus on the Image,001_visual_demo1.csv,3.971669064,1.223079477,0.307951004
3.5,1,0,Now focus on the Image,002_visual_demo1.csv,3.443065616,0.639620794,0.185770725
3.5,1,0,Now focus on the Image,003_visual_demo1.csv,2.559176087,0.301517965,0.117818374
3.5,1,0,Now focus on the Image,003demo_visual_demo1.csv,1.698293504,0.493151721,0.290380738
3.5,1,0,Now focus on the Image,004_visual_demo1.csv,2.391495109,0.335414989,0.140253262
3.5,1,0,Now focus on the Image,005_visual_demo1.csv,1.901305976,0.669528241,0.352141238
3.5,1,0,Now focus on the Image,006_visual_demo1.csv,1.939789349,0.379412381,0.19559463
3.5,1,0,Now focus on the Image,007_visual_demo1.csv,3.0100411,0.31765883,0.105533054
3.5,1,0,Now focus on the Image,008_visual_demo1.csv,3.044442729,0.713208075,0.234265558
3.5,1,0,Now focus on the Image,009_visual_demo1.csv,3.454384265,0.438039385,0.126806791
3.5,1,0,Now focus on the Image,010_visual_demo1.csv,1.985202619,0.503390268,0.253571229
3.5,1,0,Now focus on the Image,011_visual_demo1.csv,2.781111865,0.33836023,0.121663653
3.5,1,0,Now focus on the Image,012_visual_demo1.csv,3.022659061,0.588663369,0.194750171
3.5,1,0,Now focus on the Image,013_visual_demo1.csv,2.293899986,0.413268953,0.18015997
3.5,1,0,Now focus on the Image,014_visual_demo1.csv,2.675875456,0.492211351,0.183944043
3.5,1,0,Now focus on the Image,015_visual_demo1.csv,2.703527632,0.172390998,0.063765207
3.5,1,0,Now focus on the Image,016_visual_demo1.csv,1.598754416,0.403403647,0.252323711
3.5,1,0,Now focus on the Image,017_visual_demo1.csv,3.552030267,0.593359599,0.167048013
3.5,1,0,Now focus on the Image,019_visual_demo1.csv,3.325554172,0.396781271,0.119312828
3.5,1,0,Now focus on the Image,020_visual_demo1.csv,3.906006514,0.475370391,0.121702406
3.5,1,0,Now focus on the Image,021_visual_demo1.csv,1.99291936,0.464616578,0.233133657
3.5,1,0,Now focus on the Sound,001_visual_demo1.csv,3.599843386,0.615357092,0.170939962
3.5,1,0,Now focus on the Sound,002_visual_demo1.csv,3.29224757,0.375621034,0.114092584
3.5,1,0,Now focus on the Sound,003_visual_demo1.csv,2.944115011,0.510264152,0.17331665
3.5,1,0,Now focus on the Sound,003demo_visual_demo1.csv,2.440205456,0.292971076,0.120060004
3.5,1,0,Now focus on the Sound,004_visual_demo1.csv,2.843670559,0.387788595,0.13636903
3.5,1,0,Now focus on the Sound,005_visual_demo1.csv,2.479417673,0.547836479,0.220953688
3.5,1,0,Now focus on the Sound,006_visual_demo1.csv,1.946782552,0.399766744,0.205347404
3.5,1,0,Now focus on the Sound,007_visual_demo1.csv,3.277129662,0.554078392,0.169074297
3.5,1,0,Now focus on the Sound,008_visual_demo1.csv,2.92484066,0.510400918,0.174505547
3.5,1,0,Now focus on the Sound,009_visual_demo1.csv,4.079522965,0.529139257,0.12970616
3.5,1,0,Now focus on the Sound,010_visual_demo1.csv,2.545027112,0.385457535,0.151455178
3.5,1,0,Now focus on the Sound,011_visual_demo1.csv,2.748496484,0.286431056,0.104213725
3.5,1,0,Now focus on the Sound,012_visual_demo1.csv,2.937336125,0.325951126,0.110968276
3.5,1,0,Now focus on the Sound,013_visual_demo1.csv,3.07571449,0.795386052,0.258602043
3.5,1,0,Now focus on the Sound,014_visual_demo1.csv,3.083108022,0.297933468,0.096634132
3.5,1,0,Now focus on the Sound,015_visual_demo1.csv,2.73780954,0.269636772,0.098486315
3.5,1,0,Now focus on the Sound,016_visual_demo1.csv,2.122212942,0.395516448,0.186369822
3.5,1,0,Now focus on the Sound,017_visual_demo1.csv,3.453631922,0.746032808,0.216013989
3.5,1,0,Now focus on the Sound,019_visual_demo1.csv,3.087211338,0.817299749,0.26473722
3.5,1,0,Now focus on the Sound,020_visual_demo1.csv,4.044593923,1.110081196,0.274460482
3.5,1,0,Now focus on the Sound,021_visual_demo1.csv,2.08217288,0.45012316,0.216179533
